log_id,log_cat,log_type,log_level
3A000002,firecluster,DIAG,INFO
3A000004,firecluster,DIAG,INFO
3A000005,firecluster,DIAG,INFO
3A000006,firecluster,DIAG,INFO
3A000007,firecluster,DIAG,INFO
3A000008,firecluster,DIAG,INFO
3A00000A,firecluster,DIAG,INFO
3A00000B,firecluster,DIAG,INFO
3A00000C,firecluster,DIAG,ERROR
38000002,firecluster,DIAG,ERROR
38000003,firecluster,DIAG,INFO
38000004,firecluster,DIAG,WARN
3800025C,firecluster,DIAG,INFO
38000264,firecluster,DIAG,WARN
3B000001,firecluster,DIAG,INFO
3B000002,firecluster,DIAG,INFO
3A00000E,firecluster,EVENT,INFO
3A00000F,firecluster,EVENT,INFO
38000278,firecluster,EVENT,WARN
38000279,firecluster,EVENT,WARN
38000280,firecluster,EVENT,ERROR
38000282,firecluster,EVENT,INFO
3800025A,firecluster,EVENT,INFO
3800025B,firecluster,EVENT,INFO
3800027A,firecluster,EVENT,WARN
3800027E,firecluster,EVENT,ERROR
39000003,firecluster,EVENT,WARN
39000005,firecluster,EVENT,INFO
39000007,firecluster,EVENT,ERROR
39000010,firecluster,EVENT,INFO
39000011,firecluster,EVENT,INFO
39000012,firecluster,EVENT,INFO
39000015,firecluster,EVENT,INFO
39000016,firecluster,EVENT,WARN
39000019,firecluster,EVENT,ERROR
39000058,firecluster,EVENT,INFO
3900000C,firecluster,EVENT,ERROR
3900000D,firecluster,EVENT,ERROR
3900000E,firecluster,EVENT,INFO
3900000F,firecluster,EVENT,ERROR
