log_id,log_type,log_level
30000152,ALARM,INFO
30000153,ALARM,INFO
30000154,ALARM,INFO
30000155,ALARM,INFO
30000156,ALARM,INFO
30000157,ALARM,INFO
30000158,ALARM,INFO
30000159,ALARM,INFO
30000160,ALARM,INFO
30000161,ALARM,INFO
30000162,ALARM,INFO
30000163,ALARM,INFO
30000164,ALARM,INFO
30000165,ALARM,INFO
30000166,ALARM,INFO
30000167,ALARM,INFO
30000168,ALARM,INFO
30000169,ALARM,INFO
30000170,ALARM,INFO
30000171,ALARM,INFO
30000172,ALARM,INFO
30000006,DIAG,INFO
30000007,DIAG,INFO
30000027,DIAG,INFO
30000028,DIAG,INFO
30000029,DIAG,INFO
3000002A,DIAG,INFO
3000003A,DIAG,ERROR
3000003C,DIAG,ERROR
30000040,DIAG,INFO
30000065,DIAG,INFO
3000012D,DIAG,INFO
3000012E,DIAG,ERROR
30000004,EVENT,INFO
30000005,EVENT,INFO
3000002F,EVENT,INFO
300000C9,EVENT,INFO
300000CB,EVENT,INFO
3000012C,EVENT,ERROR
30000174,EVENT,INFO
30011001,EVENT,INFO
30011002,EVENT,INFO
300000008,EVENT,INFO
30000148,TRAFFIC,INFO
30000149,TRAFFIC,INFO
30000150,TRAFFIC,INFO
30000151,TRAFFIC,INFO
30000173,TRAFFIC,INFO
30000175,TRAFFIC,INFO
30000176,TRAFFIC,INFO
